{"descriptor":[-0.1414938,0.018539317,0.028541807,-0.05175286,-0.05280249,-0.078691036,0.022183739,-0.072532974,0.11912918,0.018604476,0.19961108,-0.0043634777,-0.23841618,-0.012056433,-0.12586851,0.07404691,-0.16695145,0.0052832942,-0.059646007,-0.18666679,0.07151043,0.029092442,0.007835251,-1.798356E-4,-0.08593656,-0.13096085,-0.08271608,-0.083566844,0.0038821548,-0.07143266,0.14025347,0.04992261,-0.2137701,-0.07673615,0.008080663,0.08265785,-0.095057845,-0.08087965,0.19182898,-0.017145202,-0.0013792493,-0.0041896147,0.04206481,0.27813888,0.12899235,-0.05363561,-0.0061524697,-0.10585238,0.13997355,-0.22563708,-0.026803534,0.20672955,0.11922861,0.09572039,0.019491615,-0.075983934,0.119852506,0.20283927,-0.2177448,0.083874665,0.033384815,-0.075947955,-0.0106093725,-0.02327294,0.14531086,0.05562997,-0.1353907,-0.11679992,0.15721308,-0.07827614,-0.05894351,0.068528906,-0.12140526,-0.22275704,-0.28503644,0.1017216,0.3850664,0.079090595,-0.10808962,0.054765303,-0.14921597,-0.067833506,-0.019417623,0.03851134,-0.124156624,-0.026074652,-0.10257308,0.071892925,0.15141915,-0.040519733,-0.060930353,0.18679398,0.020408701,-0.04744087,0.013101095,0.07581334,-0.14555217,-0.0016392944,-0.11605774,-0.03936185,0.07183575,-0.18382871,0.022250999,0.105839565,-0.17773612,0.16896985,-0.005285439,-0.06974839,-0.08452638,-0.11795716,-0.09496587,0.07713847,0.18167624,-0.22021493,0.24793577,0.14337245,0.05509859,0.16302043,0.07262578,0.04275331,-0.04083568,-0.02427366,-0.074126095,-0.07515044,-0.014809034,0.042903442,0.040413424,0.019476779],"userId":359}