{"descriptor":[-0.10375534,0.06288342,0.0696545,0.0027385028,-0.13327773,-0.12042341,-0.008626449,-0.09368778,0.057204492,-0.07515893,0.19591013,-0.045955684,-0.20504355,0.040043645,-0.012142261,0.13534296,-0.100135036,-0.105883434,-0.1985739,-0.15124258,-0.098705225,-0.013272019,-0.0205659,-3.591003E-4,-0.14229462,-0.18808293,-0.11873354,-0.057056658,0.117167875,-0.014245138,0.030101223,-0.0044318107,-0.18651304,-0.096315645,0.08390853,0.070453495,-0.06049695,-0.08973795,0.24569786,0.036350407,-0.1486753,0.07664305,0.07503199,0.28569475,0.21194774,-0.007807335,0.06637387,-0.09089763,0.03012089,-0.27829033,0.109342985,0.14113434,0.11447543,0.10906082,0.05774814,-0.12341964,0.037176125,0.19213836,-0.13953263,0.07719692,0.14778906,-0.044853278,-0.090683065,-0.0513281,0.11627015,0.16864948,-0.07975012,-0.1717128,0.18362255,-0.2177317,-0.10236874,0.013796382,-0.07929965,-0.09669617,-0.3772775,0.07670555,0.3889008,0.19305769,-0.15018965,-0.027793337,-0.032542728,0.006938818,0.052759778,0.017909171,-0.1232473,-0.13582674,-0.020949438,0.05565138,0.21088198,-0.015977263,-0.011769017,0.10304463,0.04125943,-0.0918661,-0.0067656236,0.05480439,-0.107440636,-0.080694154,-0.099973224,-0.002891861,0.07687295,-0.08439391,0.05428628,0.17236665,-0.24503617,0.15471256,-0.049915086,-0.119650014,-0.0024341722,0.042023964,-0.047272097,0.02624247,0.18587762,-0.151302,0.23414303,0.26075336,-0.036879823,0.05214431,0.12236267,0.045604404,0.0024447844,0.05896027,-0.12446459,-0.14937413,-0.079816036,-0.020393597,0.018074114,0.06410149],"userId":343}