{"descriptor":[-0.04747094,0.10533513,0.008530439,-0.018347368,-0.094675146,0.008587551,-0.07148673,-0.14982234,0.17513892,-0.05366853,0.32683524,-0.06282226,-0.19875856,-0.13809663,-0.048594393,0.17843305,-0.17667133,-0.15077652,0.083553925,-0.036946036,0.079616085,-0.032989882,0.017549876,0.033718817,-0.11029466,-0.32034665,-0.08722696,-0.14344522,0.09164419,-0.104819596,-0.110541575,0.039067462,-0.17911458,-0.073216915,0.04090683,0.05932861,0.03799574,-0.02668407,0.20482615,-0.06251384,-0.18347317,0.032666437,0.02729195,0.23501237,0.12974817,0.0448317,0.03536166,-0.18760382,0.06892012,-0.06152389,0.13471492,0.15510823,0.08868238,0.032523874,-0.02747391,-0.1659742,-0.060973506,0.09967794,-0.18159546,0.044571415,0.113239676,-0.015017416,-0.020313693,-0.1240949,0.26977998,0.07032357,-0.11186031,-0.20453176,0.14576398,-0.09037025,-0.0984098,0.04375065,-0.16848324,-0.16587004,-0.34429207,0.058093786,0.3586654,0.06518064,-0.2076743,0.09374668,-0.055943232,-0.03517236,0.10855132,0.12392693,0.015441371,0.03787984,-0.08505356,-0.0137461275,0.16680567,-0.061507367,-0.035194125,0.16824101,-0.09174612,0.0713368,0.025170656,0.12658167,-0.08276988,0.060594924,-0.11115564,-0.04361034,0.018779656,-0.0371513,0.021287423,0.15837641,-0.18159892,0.07337575,-0.009359878,0.03358811,0.0022357008,0.011131442,-0.049273863,-0.08227956,0.14514327,-0.3008591,0.25100407,0.11933381,0.092214175,0.14933187,0.08470923,0.112698965,-0.009370161,-0.06920455,-0.225843,0.003478542,0.055599593,-0.026341077,0.093689024,0.07700777],"userId":332}